"Variable","Estimate","Std. Error","Odds_Ratios","CI_Lower","CI_Upper","z value","Pr(>|z|)"
"(Intercept)",-0.378944858345269,0.0211033861498715,0.684583360684834,0.656844812132222,0.713493307810738,-17.9565902672722,4.26197838381821e-72
"EntanglementYes",0.520528782087713,0.0226320374312262,1.68291731098883,1.60989665697593,1.75924998872038,22.9996430356518,4.69977381211274e-117
"scale(Length)",-0.552812158542831,0.00747062456413198,0.575329615232993,0.566966770558595,0.583815813117278,-73.9981180686013,0
"EssentialNT",-2.5117989843752,0.0900344939209805,0.0811221703754947,0.0679987067438062,0.0967784071427242,-27.8981851842217,2.8068107858312e-171
"EssentialYes",-0.0435038540890126,0.0301570687948463,0.957428864067791,0.902477329347738,1.01572637886944,-1.44257568217131,0.149140037771796
