"Variable","Estimate","Odds_Ratios","CI_Lower_OR","CI_Upper_OR","Std. Error","z value","Pr(>|z|)"
"(Intercept)",-4.67648485133939,0.00931168839453261,0.0091374301016437,0.00948926993611429,0.00963857109622114,-485.184453655463,0
"in_regionYes",0.494073839642878,1.63897957799249,1.59805130346378,1.68095608148123,0.01290273097759,38.2921910486242,0
"scale(Length)",-0.773484908186737,0.461402318566547,0.453598176838382,0.469340730296717,0.00870354651423629,-88.8700838125649,0
"EssentialNT",-1.66330527901337,0.189511555199359,0.127889183234206,0.280826170328324,0.200659741769366,-8.28918279444984,1.14029187017122e-16
"EssentialYes",-0.140026778295774,0.869334955778541,0.828168316466455,0.912547908815211,0.0247515192043865,-5.65730035152581,1.53772528632963e-08
